1739796745.784895,2025-02-17 12:52:25,1739796745.784447,3200.0,33.46049608860231
1739796784.410256,2025-02-17 12:53:04,38.62552809715271,3175.0,27.175496553051154
1739796823.1454022,2025-02-17 12:53:43,38.735146045684814,3175.0,26.49844129861775
1739796861.917087,2025-02-17 12:54:21,38.771668910980225,3200.0,28.88230956326701
1739796900.321331,2025-02-17 12:55:00,38.40426301956177,3225.0,27.74259131154747
1739796978.012465,2025-02-17 12:56:18,38.69836497306824,3175.0,33.3228921524649
1739797016.7063072,2025-02-17 12:56:56,38.69381022453308,3175.0,27.541247397341625
1739797055.402897,2025-02-17 12:57:35,38.696635723114014,3175.0,27.927159109825908
1739797094.13874,2025-02-17 12:58:14,38.73583698272705,3175.0,27.87647244969604
1739797132.873803,2025-02-17 12:58:52,38.73505520820618,3175.0,26.263422169116705
1739797287.6173592,2025-02-17 13:01:27,116.08171486854553,3200.0,28.733196374976284
1739797326.2768588,2025-02-17 13:02:06,38.6595573425293,3200.0,28.75517887954352
1739797365.01158,2025-02-17 13:02:45,38.73473381996155,3200.0,28.58029816904274
1739797403.709215,2025-02-17 13:03:23,38.69763898849487,3200.0,28.727835728836087
1739797442.518278,2025-02-17 13:04:02,38.80906105041504,3125.0,27.690641275850474
1739797481.1429188,2025-02-17 13:04:41,38.6246497631073,3175.0,30.614573262227488
1739797558.536194,2025-02-17 13:05:58,77.39327311515808,3200.0,27.626468721293914
1739797597.269849,2025-02-17 13:06:37,38.733649015426636,3175.0,31.607463634191433
1739797636.004388,2025-02-17 13:07:16,38.73453617095947,3200.0,27.927527496505768
1739797674.7764192,2025-02-17 13:07:54,38.77203679084778,3125.0,32.25699418856556
1739797752.173245,2025-02-17 13:09:12,38.73590874671936,3175.0,29.198454733166855
1739797790.871666,2025-02-17 13:09:50,38.69840407371521,3200.0,26.13710619289485
1739797829.639383,2025-02-17 13:10:29,38.767706871032715,3150.0,35.64209274478895
1739797868.335546,2025-02-17 13:11:08,38.69619035720825,3125.0,32.44895955761955
1739797906.9590101,2025-02-17 13:11:46,38.623501777648926,3200.0,27.072063648884868
1739797945.6954,2025-02-17 13:12:25,38.73634195327759,3175.0,32.153585259296776
1739797984.3897758,2025-02-17 13:13:04,38.694271087646484,3175.0,31.374856693482474
1739798023.12858,2025-02-17 13:13:43,38.73891592025757,3175.0,30.042522735206646
1739798061.900533,2025-02-17 13:14:21,38.77195715904236,3125.0,34.189670935427344
1739798100.558636,2025-02-17 13:15:00,38.65809893608093,3175.0,30.216885402082553
1739798139.327502,2025-02-17 13:15:39,38.76887083053589,3175.0,30.832304035511658
1739798178.063948,2025-02-17 13:16:18,38.73631811141968,3125.0,32.76016428318818
1739798216.798002,2025-02-17 13:16:56,38.734163999557495,3125.0,32.39713549630417
1739798255.5330582,2025-02-17 13:17:35,38.73507595062256,3175.0,29.808675479105624
1739798294.231636,2025-02-17 13:18:14,38.69857597351074,3175.0,30.41635868200364
1739798332.929973,2025-02-17 13:18:52,38.698309898376465,3175.0,31.436068368869478
1739798371.551504,2025-02-17 13:19:31,38.62155532836914,3175.0,25.608066185105006
1739798410.285876,2025-02-17 13:20:10,38.732677936553955,3125.0,32.42154864581869
1739798448.9456441,2025-02-17 13:20:48,38.661460876464844,3175.0,29.21928160775717
1739798487.6808581,2025-02-17 13:21:27,38.73521685600281,3175.0,30.7503525457544
1739798526.342217,2025-02-17 13:22:06,38.66135621070862,3125.0,32.93326857531012
1739798565.003959,2025-02-17 13:22:45,38.6617488861084,3175.0,29.096874639611233
1739798603.738684,2025-02-17 13:23:23,38.73472213745117,3175.0,32.49938281087569
1739798642.357068,2025-02-17 13:24:02,38.61838507652283,3175.0,30.199465335614786
1739798681.019257,2025-02-17 13:24:41,38.66216683387756,3125.0,33.361950424976314
1739798719.681608,2025-02-17 13:25:19,38.66222310066223,3175.0,29.4097485915483
1739798758.378944,2025-02-17 13:25:58,38.69748306274414,3175.0,32.59282080340438
1739798797.0370262,2025-02-17 13:26:37,38.658222913742065,3175.0,30.139046934253876
1739798835.7020428,2025-02-17 13:27:15,38.664875745773315,3175.0,30.665301672599774
1739798874.437082,2025-02-17 13:27:54,38.735037326812744,3175.0,31.173090836943736
1739798913.1702578,2025-02-17 13:28:33,38.733185052871704,3175.0,29.193345685880466
1739798951.828328,2025-02-17 13:29:11,38.65806484222412,3125.0,32.61294427924038
1739798990.489734,2025-02-17 13:29:50,38.66140794754028,3175.0,30.431755415976042
1739799029.187863,2025-02-17 13:30:29,38.69812607765198,3175.0,32.66450913711625
1739799067.740129,2025-02-17 13:31:07,38.55215382575989,3175.0,23.26666989086253
1739799106.363445,2025-02-17 13:31:46,38.623409271240234,3175.0,29.246479576764408
1739799145.0613298,2025-02-17 13:32:25,38.697903871536255,3175.0,31.973239718277124
1739799183.72337,2025-02-17 13:33:03,38.66203498840332,3200.0,26.677438198488176
1739799222.417084,2025-02-17 13:33:42,38.69370412826538,3175.0,29.23711437600449
1739799261.1469069,2025-02-17 13:34:21,38.72986888885498,3175.0,30.83878506658376
1739799299.739916,2025-02-17 13:34:59,38.59297490119934,3175.0,32.13758543894166
1739799338.364413,2025-02-17 13:35:38,38.624500036239624,3175.0,30.907246216113094
1739799376.952322,2025-02-17 13:36:16,38.58790397644043,3125.0,32.77036846612362
1739799415.503573,2025-02-17 13:36:55,38.551249980926514,3175.0,29.18744804257411
1739799454.125392,2025-02-17 13:37:34,38.62196922302246,3200.0,26.156183662390703
1739799492.8585339,2025-02-17 13:38:12,38.73299789428711,3125.0,32.89059753988247
1739799531.593149,2025-02-17 13:38:51,38.73461604118347,3175.0,32.50256322044248
1739799570.363147,2025-02-17 13:39:30,38.77000188827515,3125.0,32.63103505875542
1739799647.798402,2025-02-17 13:40:47,77.43525123596191,3175.0,32.6429205770697
1739799686.496491,2025-02-17 13:41:26,38.698086738586426,3100.0,32.50752930693533
1739799725.1583989,2025-02-17 13:42:05,38.66190218925476,3175.0,31.675120380090753
1739799763.811116,2025-02-17 13:42:43,38.65260910987854,3125.0,33.513995544225416
1739799802.5124109,2025-02-17 13:43:22,38.70141386985779,3175.0,30.56958464340998
1739799841.2476091,2025-02-17 13:44:01,38.73519778251648,3175.0,29.53646513968
1739799879.9421198,2025-02-17 13:44:39,38.69441103935242,3175.0,29.11922649024628
1739799918.681031,2025-02-17 13:45:18,38.739004135131836,3175.0,31.100536126848183
1739799957.342518,2025-02-17 13:45:57,38.66148376464844,3125.0,32.47151676953054
1739799996.004298,2025-02-17 13:46:36,38.66181421279907,3175.0,29.007324915856124
1739800034.6618,2025-02-17 13:47:14,38.65646505355835,3175.0,31.355918645429202
1739800073.3914409,2025-02-17 13:47:53,38.730541944503784,3175.0,32.85714407310806
1739800112.0932941,2025-02-17 13:48:32,38.70196294784546,3175.0,32.93940394341702
1739800150.7916229,2025-02-17 13:49:10,38.69832801818848,3200.0,24.793816643592024
1739800189.563637,2025-02-17 13:49:49,38.77201199531555,3125.0,32.63183572658378
1739800228.225236,2025-02-17 13:50:28,38.661580085754395,3175.0,29.48500725739637
1739800266.9236429,2025-02-17 13:51:06,38.698410987854004,3175.0,29.774362844679253
1739800305.580062,2025-02-17 13:51:45,38.65643382072449,3125.0,32.20559492723911
1739800344.2040699,2025-02-17 13:52:24,38.62401103973389,3175.0,28.886055478486373
1739800382.828956,2025-02-17 13:53:02,38.624881982803345,3175.0,29.37254400677522
1739800421.4533708,2025-02-17 13:53:41,38.6244170665741,3175.0,31.872630768122093
1739800460.041827,2025-02-17 13:54:20,38.588449001312256,3175.0,31.311356915573757
1739800498.667511,2025-02-17 13:54:58,38.62557625770569,3175.0,32.471662916979874
1739800537.2910311,2025-02-17 13:55:37,38.62363290786743,3175.0,29.35454999704887
1739800575.985152,2025-02-17 13:56:15,38.69412279129028,3125.0,32.72524284988759
1739800614.719444,2025-02-17 13:56:54,38.73429012298584,3200.0,30.339000616003165
1739800653.3809211,2025-02-17 13:57:33,38.661473989486694,3125.0,32.82319451359997
1739800692.1158552,2025-02-17 13:58:12,38.73494100570679,3175.0,30.773697606562507
1739800730.704928,2025-02-17 13:58:50,38.58895993232727,3175.0,29.26223351354862
1739800769.291734,2025-02-17 13:59:29,38.586915016174316,3175.0,30.821932752478855
1739800808.0271091,2025-02-17 14:00:08,38.73537802696228,3175.0,30.051815526520297
1739800846.757976,2025-02-17 14:00:46,38.73086500167847,3175.0,32.521611693770836
1739800885.455188,2025-02-17 14:01:25,38.69720983505249,3175.0,29.958997000916536
1739800924.078402,2025-02-17 14:02:04,38.62329030036926,3175.0,31.730584865750366
1739800962.741558,2025-02-17 14:02:42,38.663053035736084,3175.0,32.32297934403114
1739801001.329424,2025-02-17 14:03:21,38.58789873123169,3175.0,32.38316927143362
1739801040.026858,2025-02-17 14:04:00,38.697428941726685,3200.0,27.39896538305615
1739801078.763057,2025-02-17 14:04:38,38.73619818687439,3175.0,30.2222892894019
1739801117.457027,2025-02-17 14:05:17,38.69396376609802,3175.0,32.03504255598721
1739801156.1901581,2025-02-17 14:05:56,38.73313927650452,3175.0,32.00235660861122
1739801194.741945,2025-02-17 14:06:34,38.55178689956665,3200.0,27.376907619588984
1739801233.549936,2025-02-17 14:07:13,38.80798816680908,3200.0,29.00928913371951
1739801272.13841,2025-02-17 14:07:52,38.58845591545105,3200.0,27.135648008660553
1739801310.875304,2025-02-17 14:08:30,38.73519492149353,3175.0,30.8868076343753
1739801387.978219,2025-02-17 14:09:47,77.10460901260376,3175.0,34.6267081329426
1739801426.676882,2025-02-17 14:10:26,38.69858193397522,3175.0,32.16309886054661
1739801465.26348,2025-02-17 14:11:05,38.58669996261597,3100.0,32.35969457529926
1739801503.887796,2025-02-17 14:11:43,38.6243200302124,3175.0,31.495332919106076
1739801542.5856462,2025-02-17 14:12:22,38.69784712791443,3100.0,32.35886233022144
1739801581.136199,2025-02-17 14:13:01,38.55055785179138,3200.0,27.90845031283887
1739801619.870891,2025-02-17 14:13:39,38.73469018936157,3175.0,29.883630368096206
1739801658.601011,2025-02-17 14:14:18,38.7301287651062,3175.0,31.669095301962198
1739801697.296593,2025-02-17 14:14:57,38.69557309150696,3175.0,32.80553874438904
1739801735.994782,2025-02-17 14:15:35,38.698174238204956,3175.0,31.225465551936175
1739801774.619008,2025-02-17 14:16:14,38.62424182891846,3175.0,29.332763533063467
1739801813.3167071,2025-02-17 14:16:53,38.69770288467407,3175.0,32.47245856551164
1739801852.014579,2025-02-17 14:17:32,38.69787001609802,3175.0,29.62742018922163
1739801890.7123919,2025-02-17 14:18:10,38.6978120803833,3200.0,26.049915825081968
1739801929.3730829,2025-02-17 14:18:49,38.660688161849976,3175.0,31.004843262498948
1739801968.02899,2025-02-17 14:19:28,38.655906677246094,3200.0,25.918003790958657
1739802006.6881542,2025-02-17 14:20:06,38.6592230796814,3175.0,29.516962335566287
1739802045.424017,2025-02-17 14:20:45,38.73580813407898,3175.0,31.18864583704333
1739802122.89303,2025-02-17 14:22:02,77.46901297569275,3175.0,32.53932659986426
1739802161.6236749,2025-02-17 14:22:41,38.73053002357483,3175.0,32.41646595873091
1739802200.3250182,2025-02-17 14:23:20,38.70145606994629,3175.0,32.30915432382399
1739802239.054469,2025-02-17 14:23:59,38.72945165634155,3175.0,32.2073125252986
1739802277.787906,2025-02-17 14:24:37,38.733445167541504,3175.0,29.771605731971988
1739802316.486044,2025-02-17 14:25:16,38.698132038116455,3175.0,30.126034525840563
1739802355.220715,2025-02-17 14:25:55,38.734647035598755,3175.0,29.59282070493262
1739802393.8081,2025-02-17 14:26:33,38.58740186691284,3175.0,29.58650918657868
1739802432.505918,2025-02-17 14:27:12,38.69782304763794,3200.0,26.583405959353243
1739802471.202323,2025-02-17 14:27:51,38.696407079696655,3175.0,31.506878174821953
1739802509.791303,2025-02-17 14:28:29,38.58899402618408,3200.0,27.939306614894956
1739802548.482657,2025-02-17 14:29:08,38.69132590293884,3200.0,26.474572728479416
1739802587.216661,2025-02-17 14:29:47,38.73401618003845,3175.0,30.316161031393783
1739802625.9142249,2025-02-17 14:30:25,38.69756269454956,3175.0,32.31197695664461
1739802664.535517,2025-02-17 14:31:04,38.621407985687256,3175.0,29.913743638324163
1739802703.2360792,2025-02-17 14:31:43,38.700451135635376,3175.0,31.213720597817634
1739802780.632016,2025-02-17 14:33:00,77.39593291282654,3200.0,24.927204144299285
1739802819.2551281,2025-02-17 14:33:39,38.62311315536499,3175.0,31.160789430764517
1739802857.9114082,2025-02-17 14:34:17,38.65627884864807,3200.0,27.559578534479314
1739802896.531549,2025-02-17 14:34:56,38.62002420425415,3175.0,30.041454317578903
1739802935.23313,2025-02-17 14:35:35,38.701688051223755,3175.0,32.1730440116752
1739802973.820557,2025-02-17 14:36:13,38.58744287490845,3175.0,31.930648634374297
1739803012.481545,2025-02-17 14:36:52,38.66098499298096,3175.0,29.142320429092486
1739803051.216149,2025-02-17 14:37:31,38.73460102081299,3175.0,30.464105782978397
1739803089.803582,2025-02-17 14:38:09,38.587459087371826,3125.0,32.080069120131284
1739803128.349111,2025-02-17 14:38:48,38.54550290107727,3175.0,34.05176397689506
1739803167.00942,2025-02-17 14:39:27,38.66034007072449,3175.0,33.50416983088488
1739803205.67061,2025-02-17 14:40:05,38.661160945892334,3175.0,29.86077179951032
1739803244.368171,2025-02-17 14:40:44,38.697559118270874,3175.0,25.508110852519028
1739803283.0624251,2025-02-17 14:41:23,38.69413876533508,3175.0,29.84307450235079
1739803321.762978,2025-02-17 14:42:01,38.70068621635437,3200.0,27.217004722719103
1739803360.461823,2025-02-17 14:42:40,38.69882678985596,3175.0,31.52227328659364
1739803399.1923609,2025-02-17 14:43:19,38.730425119400024,3100.0,32.27006838754449
1739803437.783824,2025-02-17 14:43:57,38.591596841812134,3175.0,32.650368025019695
1739803476.371275,2025-02-17 14:44:36,38.58742713928223,3175.0,29.567549588172856
1739803515.070503,2025-02-17 14:45:15,38.69775986671448,3175.0,29.13439228888249
1739803553.723038,2025-02-17 14:45:53,38.65400314331055,3175.0,33.122605495686905
1739803592.26774,2025-02-17 14:46:32,38.54459095001221,3175.0,29.398904639625847
1739803630.932493,2025-02-17 14:47:10,38.66486620903015,3175.0,31.522180032495584
1739803669.556735,2025-02-17 14:47:49,38.62423872947693,3175.0,29.49672952908142
1739803708.142421,2025-02-17 14:48:28,38.58565616607666,3200.0,28.24620980759484
1739803746.9166641,2025-02-17 14:49:06,38.774165868759155,3100.0,32.26808240671956
1739803785.5398662,2025-02-17 14:49:45,38.623311281204224,3175.0,30.549149128390518
1739803824.2703948,2025-02-17 14:50:24,38.730528831481934,3175.0,29.96585107078333
1739803863.0399392,2025-02-17 14:51:03,38.76954889297485,3100.0,32.443836174703605
1739803901.62731,2025-02-17 14:51:41,38.58736824989319,3175.0,31.04954071946606
1739803940.251413,2025-02-17 14:52:20,38.6236526966095,3175.0,31.787209863412116
1739803978.911911,2025-02-17 14:52:58,38.66095018386841,3175.0,25.16473378458918
1739804017.64658,2025-02-17 14:53:37,38.73466992378235,3175.0,32.77954373379883
1739804056.381378,2025-02-17 14:54:16,38.73479199409485,3175.0,31.52609517224134
1739804095.075541,2025-02-17 14:54:55,38.694146156311035,3175.0,31.760815044172976
1739804133.734656,2025-02-17 14:55:33,38.65913701057434,3175.0,33.078569413636366
1739804172.469033,2025-02-17 14:56:12,38.734373807907104,3175.0,32.984753790619095
1739804211.1296709,2025-02-17 14:56:51,38.660635232925415,3175.0,24.518444126434197
1739804249.7911549,2025-02-17 14:57:29,38.66146779060364,3175.0,31.81939277064349
1739804288.374688,2025-02-17 14:58:08,38.58344101905823,3175.0,30.944918616073412
1739804327.002271,2025-02-17 14:58:47,38.62769603729248,3125.0,33.39996915034456
1739804520.264864,2025-02-17 15:02:00,164.01038789749146,3200.0,31.716458988251986
1739804636.245176,2025-02-17 15:03:56,115.9803102016449,3200.0,31.84774063708035
1739804674.977118,2025-02-17 15:04:34,38.73193597793579,3125.0,31.833041017814914
1739804713.67467,2025-02-17 15:05:13,38.69755792617798,3225.0,31.777314362805544
1739804752.262042,2025-02-17 15:05:52,38.58737111091614,3200.0,27.135020439355543
1739804790.8863401,2025-02-17 15:06:30,38.62429594993591,3100.0,31.29673229592801
1739804829.547271,2025-02-17 15:07:09,38.6609308719635,3200.0,26.85323531986715
1739804868.171535,2025-02-17 15:07:48,38.624274015426636,3200.0,27.53089839263856
1739804906.830435,2025-02-17 15:08:26,38.65888714790344,3200.0,30.058202131514143
1739804945.452102,2025-02-17 15:09:05,38.62166881561279,3200.0,29.855717713837542
1739805022.847281,2025-02-17 15:10:22,77.39517903327942,3100.0,30.225404758940574
1739805061.467992,2025-02-17 15:11:01,38.62084722518921,3125.0,30.096670115104374
1739805100.094817,2025-02-17 15:11:40,38.62670087814331,3175.0,31.2748132890081
1739805138.828931,2025-02-17 15:12:18,38.734111070632935,3150.0,27.17870841128493
1739822817.1949902,2025-02-17 20:06:57,1739822817.193269,3200.0,28.514578573369825
1739822855.966791,2025-02-17 20:07:35,38.77327299118042,3200.0,26.25512166213404
1739822933.511851,2025-02-17 20:08:53,77.54506802558899,3200.0,30.809834970299555
1739822972.246675,2025-02-17 20:09:32,38.73482084274292,3175.0,33.14439927863952
1739823011.0204039,2025-02-17 20:10:11,38.77373218536377,3175.0,33.69888789339842
1739823049.756435,2025-02-17 20:10:49,38.73603415489197,3150.0,32.882492913584336
1739823088.418307,2025-02-17 20:11:28,38.661884784698486,3175.0,33.24150684365746
1739823127.114333,2025-02-17 20:12:07,38.69590497016907,3175.0,33.31232473690736
1739823165.780434,2025-02-17 20:12:45,38.666203022003174,3175.0,35.512941270856196
1739823281.727066,2025-02-17 20:14:41,115.94652891159058,3175.0,33.18322439869825
1739823320.3197792,2025-02-17 20:15:20,38.59283113479614,3200.0,29.493050698662064
1739823358.945465,2025-02-17 20:15:58,38.625672817230225,3150.0,33.097415480963704
1739823397.607983,2025-02-17 20:16:37,38.662530183792114,3175.0,30.95655846155114
1739823436.2333162,2025-02-17 20:17:16,38.625319957733154,3200.0,33.526733734876096
1739823513.447576,2025-02-17 20:18:33,77.21426200866699,3175.0,33.69721101221686
1739823629.3252769,2025-02-17 20:20:29,115.8776957988739,3175.0,33.33059790699588
1739823668.0243142,2025-02-17 20:21:08,38.69903826713562,3175.0,33.059122539644214
1739823706.686898,2025-02-17 20:21:46,38.66260004043579,3200.0,32.889206501435766
1739823745.349347,2025-02-17 20:22:25,38.66243505477905,3200.0,29.203375027885766
1739823784.045598,2025-02-17 20:23:04,38.69634675979614,3200.0,29.176776305895686
1739823822.6007218,2025-02-17 20:23:42,38.55503702163696,3175.0,34.767092020492036
1739823938.4408,2025-02-17 20:25:38,115.84007120132446,3175.0,33.22664342567692
1739824054.3179882,2025-02-17 20:27:34,115.8771858215332,3200.0,33.422838436442746
1739824092.981345,2025-02-17 20:28:12,38.6632559299469,3175.0,33.713320954968765
1739824170.3046799,2025-02-17 20:29:30,77.32343196868896,3175.0,34.1495720355688
1739824208.894261,2025-02-17 20:30:08,38.58957529067993,3175.0,30.98183148014455
1739824247.556638,2025-02-17 20:30:47,38.662370681762695,3200.0,29.737949378984922
1739824324.7345338,2025-02-17 20:32:04,77.17791104316711,3200.0,30.41402593214564
1739824363.359544,2025-02-17 20:32:43,38.62501406669617,3200.0,26.307705425761604
1739824440.559294,2025-02-17 20:34:00,77.19971823692322,3175.0,33.190645871084826
1739824479.147697,2025-02-17 20:34:39,38.588430643081665,3175.0,33.50903550864876
1739824517.735167,2025-02-17 20:35:17,38.587482213974,3175.0,33.762670807652356
1739824556.362018,2025-02-17 20:35:56,38.62674307823181,3200.0,34.3464145590303
1739824595.132538,2025-02-17 20:36:35,38.77061891555786,3175.0,33.25576295803974
1739824633.942204,2025-02-17 20:37:13,38.80966401100159,3150.0,32.559758215627355
1739824672.714026,2025-02-17 20:37:52,38.77181696891785,3175.0,33.830354508804206
1739824711.4496021,2025-02-17 20:38:31,38.73557901382446,3200.0,29.89697920708192
1739824750.25804,2025-02-17 20:39:10,38.80845499038696,3200.0,32.919773426329144
1739824789.0306702,2025-02-17 20:39:49,38.77261304855347,3175.0,33.3958222685906
1739824866.5012538,2025-02-17 20:41:06,77.47058582305908,3175.0,35.720531215762705
1739824943.861881,2025-02-17 20:42:23,77.36062812805176,3175.0,33.043127511603785
1739824982.5980952,2025-02-17 20:43:02,38.73610997200012,3175.0,33.96190379376393
1739825021.2221289,2025-02-17 20:43:41,38.62415409088135,3175.0,31.72498485433675
1739825059.994081,2025-02-17 20:44:19,38.77192687988281,3200.0,30.72945645432945
1739825098.803225,2025-02-17 20:44:58,38.80915117263794,3200.0,33.16381131740036
1739825137.428328,2025-02-17 20:45:37,38.625120639801025,3175.0,35.08487496226506
1739825176.1635861,2025-02-17 20:46:16,38.735236167907715,3175.0,32.99585561778113
1739825214.788578,2025-02-17 20:46:54,38.625011920928955,3175.0,34.50412429139719
1739825253.56022,2025-02-17 20:47:33,38.771625995635986,3175.0,33.49696667907145
1739825292.185844,2025-02-17 20:48:12,38.62562417984009,3175.0,33.50196405612934
1739825330.9577768,2025-02-17 20:48:50,38.77194118499756,3175.0,32.42176761859394
1739825447.237399,2025-02-17 20:50:47,116.27961492538452,3175.0,32.874822248476995
1739825486.010507,2025-02-17 20:51:26,38.77300405502319,3200.0,29.939317618913577
1739825524.855066,2025-02-17 20:52:04,38.84465265274048,3200.0,29.74239310568459
1739825563.552701,2025-02-17 20:52:43,38.697674036026,3200.0,30.618657493419093
1739825602.362916,2025-02-17 20:53:22,38.810084104537964,3200.0,30.650064536099592
1739825641.1307101,2025-02-17 20:54:01,38.76781702041626,3200.0,27.19808489968599
1739825679.93968,2025-02-17 20:54:39,38.80894899368286,3175.0,32.37032944446347
1739825796.112792,2025-02-17 20:56:36,116.17321109771729,3200.0,30.1027386506253
1739825834.774765,2025-02-17 20:57:14,38.66197085380554,3200.0,34.09604205221456
1739825873.362999,2025-02-17 20:57:53,38.5882351398468,3175.0,34.10222249126335
1739825950.6132321,2025-02-17 20:59:10,77.25023007392883,3200.0,32.49309288923008
1739825989.201399,2025-02-17 20:59:49,38.588154792785645,3175.0,33.015645608923045
1739826027.8267279,2025-02-17 21:00:27,38.62534189224243,3150.0,25.08020312685304
1739826105.260603,2025-02-17 21:01:45,77.43386220932007,3150.0,25.275207627037
1739826182.657669,2025-02-17 21:03:02,77.3970799446106,3200.0,28.053349319836837
1739826221.429697,2025-02-17 21:03:41,38.77203106880188,3175.0,30.889988077356794
1739826260.165233,2025-02-17 21:04:20,38.73553490638733,3200.0,30.81633714838475
1739826298.900523,2025-02-17 21:04:58,38.73529386520386,3200.0,31.226166676247907
1739826337.6128252,2025-02-17 21:05:37,38.712300062179565,3200.0,29.377487785065238
1739826376.4221282,2025-02-17 21:06:16,38.80922794342041,3175.0,33.617905260173856
1739826453.927254,2025-02-17 21:07:33,77.5052661895752,3200.0,27.825903090939015
1739826492.700337,2025-02-17 21:08:12,38.773033142089844,3200.0,30.45809731929539
1739826531.4332669,2025-02-17 21:08:51,38.73297190666199,3200.0,29.62807603178608
1739826570.207093,2025-02-17 21:09:30,38.773767948150635,3200.0,29.855418601814986
1739826608.9057212,2025-02-17 21:10:08,38.698622941970825,3125.0,23.614068506634204
1739826647.63968,2025-02-17 21:10:47,38.73397707939148,3200.0,24.390566574110277
1739826686.412648,2025-02-17 21:11:26,38.772950887680054,3200.0,30.792374701441453
1739826725.184562,2025-02-17 21:12:05,38.7719190120697,3175.0,33.747670539344576
1739826763.8457909,2025-02-17 21:12:43,38.66124701499939,3175.0,33.89711625728243
1739826802.545256,2025-02-17 21:13:22,38.699344873428345,3175.0,33.011090079506616
1739826841.239088,2025-02-17 21:14:01,38.6938259601593,3200.0,32.468779809601386
1739826879.9044852,2025-02-17 21:14:39,38.665518283843994,3200.0,31.56845773859662
1739826918.562322,2025-02-17 21:15:18,38.65771794319153,3200.0,29.656744477104276
1739826957.3010392,2025-02-17 21:15:57,38.73884105682373,3200.0,26.710852835851398
1739826996.037226,2025-02-17 21:16:36,38.73606586456299,3200.0,28.69491010632402
1739827034.809074,2025-02-17 21:17:14,38.77184700965881,3200.0,31.06129173875321
1739827073.5801432,2025-02-17 21:17:53,38.7711718082428,3200.0,30.169043290422714
1739827151.087015,2025-02-17 21:19:11,77.50685906410217,3175.0,33.48566884329338
1739827189.858937,2025-02-17 21:19:49,38.7719292640686,3175.0,33.13215599284743
1739827228.630731,2025-02-17 21:20:28,38.77179479598999,3175.0,33.90351734667127
1739827267.292329,2025-02-17 21:21:07,38.66158890724182,3150.0,24.607590153976613
1739827306.064221,2025-02-17 21:21:46,38.771905183792114,3200.0,26.378716062813385
1739827344.8361442,2025-02-17 21:22:24,38.77192187309265,3200.0,27.476651094458738
1739827383.571393,2025-02-17 21:23:03,38.735249042510986,3175.0,33.18031644826413
1739827422.3063219,2025-02-17 21:23:42,38.73490810394287,3200.0,31.604888929941545
1739827460.9311612,2025-02-17 21:24:20,38.62487602233887,3175.0,33.14317578203074
1739827499.630322,2025-02-17 21:24:59,38.69904685020447,3175.0,33.56929052109026
1739827576.952676,2025-02-17 21:26:16,77.32244610786438,3200.0,27.5045624131884
1739827615.650126,2025-02-17 21:26:55,38.69747185707092,3175.0,33.19772135256396
1739827654.3863711,2025-02-17 21:27:34,38.73624014854431,3175.0,32.53844872472938
1739827693.047526,2025-02-17 21:28:13,38.66114687919617,3175.0,31.430996551872916
1739827731.7829409,2025-02-17 21:28:51,38.735414028167725,3200.0,32.418285781491754
1739827770.407752,2025-02-17 21:29:30,38.62480902671814,3200.0,30.43915172978283
1739827809.10681,2025-02-17 21:30:09,38.6989529132843,3200.0,30.640362881920677
1739827847.8045561,2025-02-17 21:30:47,38.69787001609802,3175.0,33.630968376377425
1739827886.392763,2025-02-17 21:31:26,38.58818531036377,3175.0,33.331602998972926
1739827924.980814,2025-02-17 21:32:04,38.58805298805237,3200.0,36.226909444998135
1739827963.642465,2025-02-17 21:32:43,38.66165494918823,3125.0,24.602081108189267
1739828002.340458,2025-02-17 21:33:22,38.69799089431763,3200.0,32.721516531274936
1739828079.4801679,2025-02-17 21:34:39,77.13970899581909,3175.0,33.092467585561984
1739828118.054989,2025-02-17 21:35:18,38.574822187423706,3200.0,32.948374573731634
1739828156.6043131,2025-02-17 21:35:56,38.549389600753784,3175.0,33.459554111547135
1739828195.1940029,2025-02-17 21:36:35,38.589640378952026,3150.0,37.9774534039356
1739828310.957793,2025-02-17 21:38:30,115.76377177238464,3150.0,32.9857605937567
1739828349.545365,2025-02-17 21:39:09,38.58758211135864,3125.0,32.7589040636691
1739828388.133458,2025-02-17 21:39:48,38.5880868434906,3200.0,29.719526719747623
1739828426.758137,2025-02-17 21:40:26,38.62467622756958,3150.0,33.03606525308594
1739828465.30936,2025-02-17 21:41:05,38.551230907440186,3125.0,37.910425323110736
1739828504.008589,2025-02-17 21:41:44,38.6991240978241,3200.0,29.68626184035458
1739828542.558879,2025-02-17 21:42:22,38.55038571357727,3200.0,31.858914269077708
1739828581.142853,2025-02-17 21:43:01,38.58386731147766,3150.0,33.2175633576914
1739828619.698869,2025-02-17 21:43:39,38.55602478981018,3200.0,29.988272630289117
1739828658.322573,2025-02-17 21:44:18,38.623815059661865,3200.0,33.15657753052588
1739828696.946757,2025-02-17 21:44:56,38.62417387962341,3200.0,31.717745420569408
1739828735.645045,2025-02-17 21:45:35,38.6982901096344,3125.0,28.684898934577724
1739828813.041916,2025-02-17 21:46:53,77.39685583114624,3200.0,32.83212146933009
1739828851.739586,2025-02-17 21:47:31,38.697697162628174,3125.0,33.429110619185415
1739829045.0842419,2025-02-17 21:50:45,193.34463787078857,3200.0,31.447700058731417
1739829083.745706,2025-02-17 21:51:23,38.6614670753479,3200.0,32.36710449786805
1739829176.280333,2025-02-17 21:52:56,92.5347032546997,3100.0,57.122069426130444
